review,rating,date,bank,source
"Hello, I‚Äôm facing a problem with the BOA Mobile app. Every time I enter my phone number and password, the app crashes and shows an error that says ‚ÄúBoaMobile closed because this app has a bug.‚Äù I tried updating, reinstalling, and clearing cache, but nothing worked. Please fix this bug in the next update. I really need access to my account. Thank you.",1,2025-06-03 16:21:34,BOA,Google Play
exceptional,5,2025-06-03 10:32:35,BOA,Google Play
BoA Mobile good bank,5,2025-06-02 14:25:12,BOA,Google Play
this is worest app 24/7 loading,1,2025-06-01 15:51:10,BOA,Google Play
This App is not interest for Android phone Please update it .,1,2025-06-01 10:17:10,BOA,Google Play
BoA system is confartable,5,2025-06-01 00:47:32,BOA,Google Play
very nice Abyssinia bank is choice all,5,2025-05-31 11:55:58,BOA,Google Play
"this app, for me , is a waste of time. It doesn't work . I can't even long in, and it really piss me off. FIX THE PROBLEM",1,2025-05-27 21:16:27,BOA,Google Play
Good service.,3,2025-05-25 19:14:52,BOA,Google Play
the app crush frequently,1,2025-05-24 12:24:56,BOA,Google Play
good,5,2025-05-22 15:34:58,BOA,Google Play
You guys keeps getting worst,1,2025-05-22 08:57:39,BOA,Google Play
good,5,2025-05-21 19:16:49,BOA,Google Play
"This app is a joke. It crashes more than it works, takes forever to load, and half the features are just decorative at this point. Can‚Äôt log in, can‚Äôt transfer money, can‚Äôt even check my balance without it bugging out. To the developer: Are you actually trying to make this work, or is this some kind of social experiment to test our patience? Did you build this in your sleep? Because it definitely looks like it. If this is your idea of a functional app, maybe consider a different career pathüôè",1,2025-05-21 13:49:15,BOA,Google Play
BoA,2,2025-05-20 15:21:55,BOA,Google Play
good,5,2025-05-20 10:57:13,BOA,Google Play
but not opening on android,4,2025-05-19 17:19:32,BOA,Google Play
Worst App ever. Totally unreliable. And it didn't work at all for the last 4 months.,1,2025-05-18 15:36:47,BOA,Google Play
amazing,5,2025-05-18 14:34:19,BOA,Google Play
excellent app,4,2025-05-16 21:34:42,BOA,Google Play
excellent,5,2025-05-15 15:42:43,BOA,Google Play
·àû·àã·ã¨ ·ä®·â†·ã∞,5,2025-05-14 15:47:57,BOA,Google Play
"this app does no work on Samsung a51, it just gives a preview of the logo",1,2025-05-11 19:07:08,BOA,Google Play
nice,5,2025-05-10 18:48:38,BOA,Google Play
"i entered incorrect security question by mistake boa app lock pin forever, why is there no other options? ?? i contacted different branchs more then 4times but they didn't able to solve this issue .",5,2025-05-10 12:44:44,BOA,Google Play
Best app,5,2025-05-09 16:12:56,BOA,Google Play
liking this application good üëç,5,2025-05-07 18:34:10,BOA,Google Play
"This app future is good, but there is problems with apps to reset and activate it, which is difficult even to the branch staffs, and it takes too long times to active at the branch plus most of the time high expected failure of activation after process at the counter and OTP sent not work",1,2025-05-06 18:06:33,BOA,Google Play
good,5,2025-05-06 17:44:32,BOA,Google Play
good,5,2025-05-02 21:50:25,BOA,Google Play
good,4,2025-04-30 11:23:56,BOA,Google Play
good,4,2025-04-30 10:34:17,BOA,Google Play
wow,5,2025-04-28 17:51:26,BOA,Google Play
it's really good üëç,5,2025-04-23 19:44:14,BOA,Google Play
Bad app . it stuck when you open and noting WORKS.,1,2025-04-23 14:16:20,BOA,Google Play
"the app isn't working after it asked me the password it starts loading, but it doesn't open",3,2025-04-20 21:05:21,BOA,Google Play
Best,2,2025-04-19 18:38:02,BOA,Google Play
It keeps showing this pop up to turn off developer options even tho it's off! I had to turn on and then off to make it work! This is a horrible experience and needs a fix asap! Plus kinda slow.,1,2025-04-19 07:15:54,BOA,Google Play
yideg,1,2025-04-18 00:18:40,BOA,Google Play
·ä†·ã≠·ä®·çç·âµ·àù ·ä•·äÆ,1,2025-04-17 10:12:16,BOA,Google Play
great boa,5,2025-04-10 14:33:26,BOA,Google Play
Best,5,2025-04-10 11:53:01,BOA,Google Play
boa of mobile backing,5,2025-04-09 14:32:34,BOA,Google Play
nice,5,2025-04-09 04:01:08,BOA,Google Play
faster bank of Abissinya,5,2025-04-08 16:36:23,BOA,Google Play
i would have given it a lower if it was possible because it crush so much and it take the bank so long to fix the bug,1,2025-04-08 10:12:19,BOA,Google Play
it just doesn't work...so frustrating,1,2025-04-07 18:04:17,BOA,Google Play
like,5,2025-04-06 22:17:21,BOA,Google Play
it's not work correctly... you must have update it,1,2025-04-06 11:01:42,BOA,Google Play
"the app gets a considerable improvements like language , QR scanner and unlimited transfers survice. but BOA Please do alot on its fastness and convenient when we login and making a transactions.",5,2025-04-04 22:57:29,BOA,Google Play
after i typed in my password it says successfully logged out ...and goes back to the first page,2,2025-04-04 12:38:08,BOA,Google Play
good but they don't update enough don't add new things,3,2025-04-04 12:24:06,BOA,Google Play
very good,5,2025-04-03 08:50:56,BOA,Google Play
thank you,5,2025-04-02 03:33:00,BOA,Google Play
it doesn't work period z slowest mobile banking ever i would rather use *815#,1,2025-04-01 00:27:34,BOA,Google Play
"after activated the application it not allowed to sign , automatically it is turn off In my phone, why ?",1,2025-03-31 23:55:06,BOA,Google Play
good application,5,2025-03-30 21:56:40,BOA,Google Play
this version is not working for me I cannot even buy card. I cannot send money,1,2025-03-30 15:27:26,BOA,Google Play
"It can't actively on initialization, it says incorrect OTP getting the exact OTP",1,2025-03-29 14:29:38,BOA,Google Play
always problematic hardly works,1,2025-03-26 13:28:25,BOA,Google Play
considering the fact the bank is huge this app really bad you could do better,1,2025-03-25 18:33:59,BOA,Google Play
best app,5,2025-03-25 13:15:12,BOA,Google Play
very good,5,2025-03-25 12:56:42,BOA,Google Play
"worst app and Bank ever u be ashamed, scammer",1,2025-03-24 17:00:42,BOA,Google Play
great BoA,5,2025-03-22 12:46:56,BOA,Google Play
best,5,2025-03-21 12:32:05,BOA,Google Play
i have went to the bank so many times because i couldn't make any transaction i can only see my balance nothing else so what is the point of having mobile banking if i can't make any transaction with it please work in that,1,2025-03-21 10:49:11,BOA,Google Play
good,5,2025-03-21 06:06:10,BOA,Google Play
good,5,2025-03-19 21:15:38,BOA,Google Play
there is no speed,1,2025-03-19 19:12:01,BOA,Google Play
"For anyone who wants to download it, just don't!!!",1,2025-03-19 16:02:57,BOA,Google Play
wonderful,5,2025-03-19 13:58:10,BOA,Google Play
all worck,5,2025-03-19 12:55:57,BOA,Google Play
Best app,5,2025-03-17 01:23:13,BOA,Google Play
Loved it,5,2025-03-14 17:57:04,BOA,Google Play
Wow,1,2025-03-14 03:37:53,BOA,Google Play
"Edit: New bug, app not letting me type in my otp codes. Shameful Why does this app not allow me to use it while having developer options on? Did y'all consider that I might, perhaps, be an actual developer? Why am I expected to toggle the option on and off just to bank (restarting my phone when I do)? Why is the message labled as somthing that will ""smoothen"" the experience? This is like the most ""security consultant"" thing to implement in an app. Please invest in actual security, not this mess.",1,2025-03-12 22:41:25,BOA,Google Play
Improved to be the best,5,2025-03-11 12:32:31,BOA,Google Play
BoA,5,2025-03-11 10:51:57,BOA,Google Play
"Decent, but there problems sometimes it says error When i transfer money but infact it transferred because of this bug i transferred 2 times instead of 1 and also we can't transfer money to others telebirr acc we only can to our self BOE Dev fix this !!!",3,2025-03-11 09:22:01,BOA,Google Play
BoA Greqt Ethiopian bank.,5,2025-03-11 08:31:05,BOA,Google Play
"The bug is still there,the app crashes every time i try to log in, especially in old phones like my Galaxy A32",1,2025-03-10 20:11:15,BOA,Google Play
Almost better compared to cbe where it is not qualified for,4,2025-03-09 11:50:02,BOA,Google Play
what awesome apps. it is very simple to use and more much important apps.,5,2025-03-09 11:34:30,BOA,Google Play
Wonderfull app,5,2025-03-08 10:23:26,BOA,Google Play
i can't use this app why?,5,2025-03-07 14:28:00,BOA,Google Play
Worst mobile banking app I ever experienced I was blaming other apps but comparing with this they're too much better!!!! It clashes it takes much longer time to login while loading in short it's a complete of trash,1,2025-03-06 22:44:28,BOA,Google Play
Wow,4,2025-03-05 21:58:05,BOA,Google Play
bro the worst app made by human kind!! as a software engineer it make me so sad seeing enterprise as big as BOA make apps like this. it is a disgrace for our country!!,1,2025-03-05 15:03:56,BOA,Google Play
AGA B Girja Miss language of admin Afaan oromo & other Itoophiyaa languages,1,2025-03-04 20:03:40,BOA,Google Play
Good app,5,2025-03-03 16:47:22,BOA,Google Play
"I downloaded the app for the first time while reading other customers reviews and as soon as i installed and opened the app it closes back automatically, what unserious bank, now i uninstalled the app immediately",1,2025-03-03 09:24:29,BOA,Google Play
It has good features but sometimes it doesn't work...0,1,2025-03-02 17:02:17,BOA,Google Play
Very poor proformance,1,2025-03-01 23:02:44,BOA,Google Play
It's not opening. Really frustrating,1,2025-03-01 17:18:34,BOA,Google Play
Verry Amazing App from all IB,5,2025-03-01 11:35:08,BOA,Google Play
Not working on this days,1,2025-02-26 13:29:28,BOA,Google Play
Thank you BoA,5,2025-02-23 11:06:47,BOA,Google Play
best banking app in the wworld,5,2025-02-22 19:58:17,BOA,Google Play
Nice app and it's easy to use,5,2025-02-21 12:41:42,BOA,Google Play
"please add language in the apps setting(amharic afan oromo, tigniya,and others) sometimes bank to bank transfer is not available through time and even if if it is available not reachable‚Ä¶it is serious issue!",1,2025-02-15 18:15:50,BOA,Google Play
This is help full i like ittttt,5,2025-02-14 21:09:06,BOA,Google Play
The is not functional at all?,2,2025-02-12 11:31:48,BOA,Google Play
Best bank,5,2025-02-08 11:08:52,BOA,Google Play
Make it easy and convienient to use and perfect for all to high prefrence and choice.,3,2025-02-07 09:28:37,BOA,Google Play
good,5,2025-02-05 07:32:27,BOA,Google Play
üá™üáπüá™üáπüá™üáπüá™üáπüá™üáπüá™üáπüëçüëçüëçüëçüëçüëçüëç,5,2025-02-04 08:48:51,BOA,Google Play
I have been using this app for two years.It is amazing.,5,2025-02-01 00:18:26,BOA,Google Play
Good üëç,5,2025-01-31 17:46:28,BOA,Google Play
Sad experience,1,2025-01-30 20:27:28,BOA,Google Play
Always do update and that is annoying,3,2025-01-27 09:11:12,BOA,Google Play
"Best app, somehow waiting a few minutes",5,2025-01-23 16:02:28,BOA,Google Play
I can't dijitalize my atm in the apollo app on my phone,1,2025-01-22 06:05:22,BOA,Google Play
Whenever I try to sign in app close please fixed it out,2,2025-01-21 19:34:22,BOA,Google Play
Beter,5,2025-01-21 12:47:47,BOA,Google Play
Boa,4,2025-01-18 16:17:34,BOA,Google Play
·â†·å£·àù ·ã®·àö·ã´·àµ·å†·àã ·ä†·çï ·â†·å£·àù ·ã®·ãà·à®·ã∞ ·ãú·àÆ ·äê·ãç ·ã®·àù·à∞·å†·ãç ·ãò·àÆ It's not App it's very slow ehhhh. Why don't you upgrade the app???? It's always zero,1,2025-01-18 13:33:28,BOA,Google Play
Aadan Axmed Barkhadle,5,2025-01-17 19:23:05,BOA,Google Play
üò°üò°üò°ü§¨ü§¨ü§¨,1,2025-01-16 12:46:26,BOA,Google Play
Horrible customer service and app crashes Horrible!!,1,2025-01-15 13:24:17,BOA,Google Play
I love it,5,2025-01-14 11:17:47,BOA,Google Play
Best,5,2025-01-14 11:14:00,BOA,Google Play
It keeps asking me to turn off developer mode even when dev mode is off. Couldn't use it.,1,2025-01-13 15:45:23,BOA,Google Play
Goodüôè,5,2025-01-12 02:27:14,BOA,Google Play
Like to much,5,2025-01-11 10:43:49,BOA,Google Play
Thank you,5,2025-01-10 19:24:54,BOA,Google Play
Perfect,5,2025-01-09 19:02:07,BOA,Google Play
The best of best,5,2025-01-09 15:57:55,BOA,Google Play
I was using this app for long time it amazing user friendly UI but the i can't found for get pin button in the app,3,2025-01-07 12:26:17,BOA,Google Play
Boa,5,2025-01-06 08:43:09,BOA,Google Play
Great üëç,5,2025-01-04 16:59:09,BOA,Google Play
Fast and suitable for the customers.,5,2025-01-04 08:16:44,BOA,Google Play
Good üëç,5,2025-01-03 20:59:49,BOA,Google Play
Good app and helpful,5,2025-01-03 15:51:42,BOA,Google Play
"I will give only one star, because it faced with multiple of problems. 1. The app is not as fast as the other banks App, for e.g like CBE 2. The App asks repeatedly to switch off developer options, even if it is switched off. 3. Bank of Abyssinia's services are interesting, but they ignored the issues on the App service. 4. Most customers gave a complain on the App, but no one accept their complain to fix the issue. 5. Lastly, I will not recommend the App unless the issue has been solved ASAP!!",1,2025-01-03 07:56:58,BOA,Google Play
By assessing this you can tell Abyssinia bank has no idea what mobile banking is ?,1,2025-01-02 15:31:28,BOA,Google Play
It doesn't work at all.,2,2025-01-02 13:24:09,BOA,Google Play
this app is not available,1,2025-01-02 08:46:51,BOA,Google Play
Best,5,2025-01-01 19:59:05,BOA,Google Play
Wow what amazing,5,2024-12-30 21:45:24,BOA,Google Play
love it,5,2024-12-30 19:30:43,BOA,Google Play
·â†·å£·àù ·àò·àª·àª·àç ·ä†·àà·â†·âµ....... ·àà ·â£·äï·ä© ·àõ·ã≠·àò·å•·äï ·àò·â∞·åç·â†·à≠·ã´ ·äê·ãç ::,2,2024-12-30 16:08:06,BOA,Google Play
Lemn embi yilal??,5,2024-12-30 16:01:11,BOA,Google Play
Good,5,2024-12-30 13:20:13,BOA,Google Play
It's useless app downgraded.,1,2024-12-29 13:19:05,BOA,Google Play
Why is not letting me access my account. The whole point of this app is for me to gey access to my account without physically being at the bank. I would give it a zero but a one will suffice to get my point accross.,1,2024-12-27 13:28:26,BOA,Google Play
Nice,5,2024-12-26 19:09:33,BOA,Google Play
When are you going to get rid of this and have a real app that works? By far the worst mobile banking app.,1,2024-12-24 06:27:54,BOA,Google Play
·ä†·ã≠·à∞·à´·àù ·àº·àù ·äê·ãç·ç§,1,2024-12-23 17:03:45,BOA,Google Play
Not that much bad,3,2024-12-22 11:12:44,BOA,Google Play
Fine,5,2024-12-21 02:16:46,BOA,Google Play
The dirtiest application ever seen...,1,2024-12-20 19:09:23,BOA,Google Play
Nic ap,5,2024-12-19 20:08:34,BOA,Google Play
The forest app ever,1,2024-12-19 11:07:06,BOA,Google Play
"I love BoA more than anyone but they are cursed when it comed to mobile banking. Even though this ine is hetter it still s*cks! It will ask me to turn off developer options other wise it won't work! I use CBE, Awash birr, tekebirr, Dashen bank and others but non of them asked me this, why only BoA? Please improve your mobile banking, be competitive!",1,2024-12-19 06:02:34,BOA,Google Play
Bank of abissena,1,2024-12-17 21:21:09,BOA,Google Play
Good,3,2024-12-16 19:29:33,BOA,Google Play
"Easy and sooo simple to use it, also its easy to stole someones money using the app",3,2024-12-16 13:02:26,BOA,Google Play
GOOD,5,2024-12-15 01:02:24,BOA,Google Play
The worst banking app ever. Never works!,1,2024-12-14 08:45:35,BOA,Google Play
Poorly functioning app,3,2024-12-13 12:55:02,BOA,Google Play
Very nice,5,2024-12-13 10:57:24,BOA,Google Play
Your system is the worst you should do betterüò°üò°üò°üò°üò°üò°,2,2024-12-11 06:08:14,BOA,Google Play
It has been a while since you guys started giving the mobile app service but still couldn't get it to work. I'm sure you know that it doesn't work already but not sure if you're lazy or incompetent to fix it. You are losing business because of this. Complacency will have consequences.,1,2024-12-10 09:43:57,BOA,Google Play
"This is the best app; many features are awesome, but it should work without the need to turn off the developer options. I'm tired of having to constantly switch the developer options off and on. I've been expressing my struggles about this. I have precious settings enabled in the developer options, and to open the App Boa app, I have to turn them off. Please help us, Abyssinia Bank. I hope you can provide an update soon.",4,2024-12-08 23:16:05,BOA,Google Play
"I‚Äôm giving this app one star because there are no options below that. My experience has been incredibly frustrating due to the extremely long loading times, and the app even closes automatically at times. People choose mobile banking for its convenience, but this app is far too time-consuming, making it the worst I‚Äôve used. I hope improvements are made to enhance the user experience.",1,2024-12-07 22:40:19,BOA,Google Play
Nice,5,2024-12-07 18:00:27,BOA,Google Play
Very unprofessional and mischievous bank in my opinion. I have had several occasions but recently I used Abyssinia Card to withdraw money and it was deducted from my account but despite reporting several times they said they are processing it but I learned yesterday that since it has been 3 months the bank has decided to include it in their income. How absurd. If you can avoid this bank.,1,2024-12-06 17:19:23,BOA,Google Play
It doesn't work on my 2 devices A05 and A34 üò°,1,2024-12-02 21:19:07,BOA,Google Play
It's better to say I don't use boa rather than pulling your phone out and opening this app,1,2024-12-01 14:52:25,BOA,Google Play
My attention is very important because it will be the most difficult time for me,5,2024-11-30 20:23:48,BOA,Google Play
"I have a worst experience while using this mobile application through out the year. Most of the time it fails to ""Login"" or automatically closed the app. And also it takes so much loading time (5 minutes +) trying to access the internal services. Sometimes also while transferring within and to other bank also fails. So, BOA please fix your app.",1,2024-11-29 06:40:35,BOA,Google Play
I don't know why but your apps start out great then all of a sudden don't workü§∑‚Äç‚ôÄÔ∏è,1,2024-11-28 11:44:51,BOA,Google Play
This application is losing major factions on a daily basis. I can count how many times I have used this app; it is completely useless and disappointing if I am not going to use it in times of need then I don't see the point.,1,2024-11-28 10:17:48,BOA,Google Play
exellent digital transaction of money,5,2024-11-27 00:10:14,BOA,Google Play
The latest update has stopped android 9 phones not to open this App. Never work properly since i started using it.,1,2024-11-26 15:05:22,BOA,Google Play
Best,5,2024-11-25 19:10:50,BOA,Google Play
Great,5,2024-11-25 17:26:59,BOA,Google Play
üëèüëèüëè,5,2024-11-24 21:31:39,BOA,Google Play
Money,5,2024-11-24 10:31:41,BOA,Google Play
It needs more improvment,2,2024-11-24 09:17:29,BOA,Google Play
Hey Google,5,2024-11-21 22:51:14,BOA,Google Play
Good app,5,2024-11-21 17:40:34,BOA,Google Play
ab,3,2024-11-20 22:26:08,BOA,Google Play
Ademtahir,5,2024-11-20 13:41:49,BOA,Google Play
‚úåÔ∏è‚úåÔ∏è,5,2024-11-20 12:25:55,BOA,Google Play
Please this app on my android phone,3,2024-11-20 09:25:05,BOA,Google Play
GOAT üêê üêê,5,2024-11-19 16:48:41,BOA,Google Play
"Your app doesn't match your bank, the app is disaster, super slow. Please learn something from tele birr app.",1,2024-11-19 14:12:49,BOA,Google Play
Fast and reliable,5,2024-11-18 18:58:47,BOA,Google Play
"The worst app update ever. Why would you include the ""developer option off"" thing here? Why do you care? It is my phone my money, right? That is the reason why I switched to other banks. So either turn it off or everyone will discontinue their business one by one.",1,2024-11-17 22:11:45,BOA,Google Play
Very good,5,2024-11-14 15:52:39,BOA,Google Play
One of the poorest mobile banking system,1,2024-11-13 13:35:40,BOA,Google Play
‚ù§‚ù§‚ù§‚ù§‚ù§‚ù§,5,2024-11-12 21:39:07,BOA,Google Play
Oene,5,2024-11-12 17:20:14,BOA,Google Play
i find it interesting specially in reciept downloading,1,2024-11-12 16:43:41,BOA,Google Play
it good,5,2024-11-12 15:50:38,BOA,Google Play
"This app crashes everytime, please fix it",1,2024-11-12 15:08:59,BOA,Google Play
·ä†·äï·ãµ star ·à´·à± ·ã≠·â†·ãõ·â†·â≥·àç·ç¢ i dont recomend to use this app also the bank,1,2024-11-12 13:55:52,BOA,Google Play
I need a support the app is not working,5,2024-11-12 13:10:33,BOA,Google Play
Bast bank of ethiopia,5,2024-11-12 13:01:11,BOA,Google Play
Good,5,2024-11-12 12:45:45,BOA,Google Play
very slow app. ·ä†·â¢·à≤·äí·ã´·äï ·ä®·àö·ã´·ä≠·àç ·â£·äï·ä≠ ·ã®·àõ·ã≠·å†·â†·âÖ software app. ·ä®·âª·àã·âΩ·àÅ ·àô·àâ ·àà·àô·àâ ·ä•·äï·ã∞·åà·äì ·ä†·à∞·à©·âµ·ç¢·â†·å£·àù ·ã≠·àò·à´·ã´·àç ·ã´·à≥·çç·à´·àç·ç¢·ààapp ·ã®·ãà·å£·ãç ·ãà·å≠ ·â†·àô·àµ·äì ·ã®·â∞·â†·àã ·äê·ãç ·ã®·àö·àò·àµ·àà·ãç·ç¢,1,2024-11-12 12:15:50,BOA,Google Play
"thank you for your social services like, vertual banking, non touch ATM, Cadrless and withdrwal with out passbook...",5,2024-11-12 12:13:20,BOA,Google Play
The worst App i have never seen like this before,1,2024-11-12 11:48:40,BOA,Google Play
Wweeeer,4,2024-11-12 10:21:44,BOA,Google Play
Infinx,5,2024-11-12 09:52:38,BOA,Google Play
Great service,5,2024-11-12 07:17:47,BOA,Google Play
üëç,5,2024-11-11 13:59:32,BOA,Google Play
This app is not available on all android versions and some times it is not functional.,1,2024-11-08 14:41:15,BOA,Google Play
senayt Mesfin,4,2024-11-08 14:13:42,BOA,Google Play
Bad app vety bad.,1,2024-11-07 07:21:50,BOA,Google Play
Nice,5,2024-11-06 17:24:50,BOA,Google Play
Abessnya Banke,5,2024-11-05 15:05:11,BOA,Google Play
"The most useless app, I never expected such an irrelevant app from BOA. big shame!",1,2024-11-04 11:45:20,BOA,Google Play
Okay,5,2024-11-03 19:25:36,BOA,Google Play
Professional on banking app,5,2024-11-01 16:08:51,BOA,Google Play
Has some nice interface but always freezes or slow to load .App developers please fix this issue.,3,2024-10-27 23:37:31,BOA,Google Play
·ä†·ã≠·à∞·à´·àù ·ä†·àµ·â∞·ä´·ä≠·àâ·âµ,5,2024-10-26 17:13:59,BOA,Google Play
Please try another because this app doesn't feet the need of this generation,1,2024-10-25 22:17:13,BOA,Google Play
Good,4,2024-10-25 17:40:10,BOA,Google Play
Fast transfer,5,2024-10-24 11:51:40,BOA,Google Play
"What's up I can't log in, what's wrong",5,2024-10-22 05:57:44,BOA,Google Play
Amrumehamed,1,2024-10-21 16:43:38,BOA,Google Play
Good,5,2024-10-19 16:42:22,BOA,Google Play
"Nice to meet you my proud bank in Ethiopia.. I'm a member of this bank, i need to solve my problem of international receiving money for me from my online digital working service's over the world please? I'm working a lot of international money.But i can't get direct in Ethiopia because of don't knowing the legal ways of getting money in Ethiopia please can I get and direct deposit with BoA please üôèüôèüôè?",5,2024-10-18 21:22:15,BOA,Google Play
Very good,5,2024-10-18 17:02:55,BOA,Google Play
·ã∞·ã∞·åà·äê·àê,5,2024-10-15 10:27:29,BOA,Google Play
"Terrible Bank Experience It‚Äôs unbelievable that with all the modern technology, this bank still struggles with even basic transactions. The app constantly crashes, services are limited, and every time I try to transfer money or load Telebirr, there‚Äôs a huge delay. I have to wait 5 days for failed transactions to be refunded! Even USSD is unreliable. They‚Äôve put me in embarrassing situations countless times, and customer care never fixes anything. I‚Äôve switched banks, and you should too!",1,2024-10-14 08:06:39,BOA,Google Play
A painfully slow banking app service. Please don't make it your choice!,1,2024-10-13 09:08:25,BOA,Google Play
Good App,4,2024-10-12 17:04:14,BOA,Google Play
Best app to me,5,2024-10-11 21:16:21,BOA,Google Play
BOA,5,2024-10-11 16:31:58,BOA,Google Play
Abdulkadir,5,2024-10-11 09:28:56,BOA,Google Play
Bad,1,2024-10-10 15:17:31,BOA,Google Play
If it is possible I would gove0 star,1,2024-10-08 16:20:37,BOA,Google Play
Nise mobile bankig,4,2024-10-05 15:39:26,BOA,Google Play
Overall good app but performance needs some improvement also sometimes when using instant other bank transfers it refuses causing to be repeated several times to transfer,4,2024-10-04 23:34:24,BOA,Google Play
Ok,5,2024-10-04 17:20:43,BOA,Google Play
Just make it work pleaseü§£ this is embarrassing for a bank of your size,1,2024-10-04 11:23:06,BOA,Google Play
Update to the simplest way it requires the developer option on and off why this is,5,2024-10-04 09:18:27,BOA,Google Play
"Stop telling me what to do with my phone, BOA. Why does your newly updated app keep asking me to disable the developer options? I‚Äôm not slowing down my phone just to use your God damn app. ü§Æü§Æü§Æü§Æ",1,2024-10-04 05:55:49,BOA,Google Play
I'm living out of country how may I download and use mobile banking? It asks me the Ethiopia phone number and I can't receive text to confirm because I'm out side the country. So please lete know if I can use while I'm outside the country. Thanks,1,2024-10-04 05:30:33,BOA,Google Play
Good,3,2024-10-03 18:17:09,BOA,Google Play
Worest app,1,2024-10-03 12:57:35,BOA,Google Play
The worest app ever,1,2024-10-03 12:54:58,BOA,Google Play
·ä†·à™·çç ·äê·ãç ·â†·à≠·â±·àç·äï,5,2024-10-03 01:53:27,BOA,Google Play
Wwwerrr,5,2024-10-02 19:16:32,BOA,Google Play
·åÄ·àõ·àç ·ãç·âÄ·â±,5,2024-09-30 16:46:53,BOA,Google Play
Great For Financial company,5,2024-09-30 09:13:34,BOA,Google Play
Very easy to use,5,2024-09-30 08:48:28,BOA,Google Play
The App's crash always.. Error.....,3,2024-09-27 16:25:54,BOA,Google Play
This app is incredibly frustrating to use. It‚Äôs filled with issues that make it difficult to navigate and complete tasks efficiently. I‚Äôve never encountered such a poorly designed banking application before. It needs significant improvements to enhance user experience. It deserves a vey low rating.,1,2024-09-26 21:13:35,BOA,Google Play
nice,5,2024-09-26 05:56:33,BOA,Google Play
Great UI and seamless UX. I love it!!,5,2024-09-25 21:51:19,BOA,Google Play
That's too good application but try to add more alternatives and futures or possibilitys for your customers,3,2024-09-25 21:18:13,BOA,Google Play
It's easy used to operate program and secured üëçüëç,4,2024-09-25 16:00:21,BOA,Google Play
I bought a mobile card on this app but I didn't receive it and it took my money and I didn't get my money back.,1,2024-09-21 14:34:07,BOA,Google Play
Amazing,5,2024-09-19 12:07:21,BOA,Google Play
Great app with great services,5,2024-09-19 09:32:07,BOA,Google Play
Yes active user,5,2024-09-17 16:47:44,BOA,Google Play
Shameful,1,2024-09-17 16:26:12,BOA,Google Play
The worest app ever made i would not recommende for no one,1,2024-09-16 20:05:52,BOA,Google Play
Good application,5,2024-09-16 18:08:14,BOA,Google Play
I like,5,2024-09-16 15:00:21,BOA,Google Play
Good,5,2024-09-16 13:15:56,BOA,Google Play
"How many hours should I wait after transferring money to telebirr, please do something about the transfer delay issue I need my money when ever.",1,2024-09-15 20:36:11,BOA,Google Play
"BOA is unreasonably holding and delaying transactions for more than a day, even transactions within the same bank itself. This is a huge gap that I observed in BOA mobile banking. I didn't experience this kind of challenge while having transactions in other banks' mobile banking platforms. After waiting so long, I called your customer support team and the response they gave me was ""it was the system that holds the transaction & will be released on working days"". This is not totally fair.",1,2024-09-15 08:59:12,BOA,Google Play
·ã®·ä•·à≠·àµ·ãé·äï ·â∞·àû·ä≠·àÆ ·ã≠·åç·àà·åπ (·ä†·àõ·à´·å≠),5,2024-09-14 16:37:34,BOA,Google Play
It's not working. It needs a big update. Can't you update the app quickly?,1,2024-09-14 15:09:31,BOA,Google Play
"I am Aimohon Joel , It's can be Good for a Better Conversation in Time üôÇ",3,2024-09-14 02:48:46,BOA,Google Play
"Better app than most mobile apps, but why do I have to turn off developer option every time I wanna use the app?? It's annoying.",1,2024-09-13 21:50:22,BOA,Google Play
Bes and freindly app,5,2024-09-13 07:47:02,BOA,Google Play
It doesn't work.,1,2024-09-12 12:20:37,BOA,Google Play
"It say ""The request was not successful. please check device connectivity or try again"" why? One of the bank manager told me it is because of my phone's android version which is 9.1 It is ridiculous! Disappointing",1,2024-09-11 22:39:38,BOA,Google Play
How to download or screenshot of payment receipt...what kinda worst app ever ü§Æü§Æü§¢,1,2024-09-11 14:19:05,BOA,Google Play
Good,5,2024-09-10 12:30:24,BOA,Google Play
Smart technology,5,2024-09-10 09:48:06,BOA,Google Play
Yegema app tishü™®,1,2024-09-08 08:53:43,BOA,Google Play
Ok,5,2024-09-07 18:12:32,BOA,Google Play
"This is not an appropriate app, i don't know how boa develops this app, i don't expect this much crazy and un confortable app form BOA, I'm soory!!!",1,2024-09-07 10:42:49,BOA,Google Play
"Shockingly bad! Even when it decides to work, it's painfully slow and frustrating. Such a shame that it has become a stain on an extraordinary bank",1,2024-09-06 19:16:55,BOA,Google Play
"It crashes frequently. It launches on Android 8.1 but I don't think it actually works on versions less than 10. If so, it shouldn't be available for download by such devices to begin with, like many other finance apps are not. It was so much better three months ago, upgrades should be for the better.",1,2024-09-06 10:06:12,BOA,Google Play
Awesome application. But lately its crashing everytime i opened it.,4,2024-09-05 23:48:22,BOA,Google Play
·ä•·åÖ·àù ·â†·å£·àù ·ã∞·ä´·àõ ·ä†·çï ·äê·ãç ·à≤·çà·àç·åç ·ã≠·ä®·çç·â≥·àç ·à≤·çà·àç·åç ·ä†·ã≠·ä®·çç·âµ·àù ·ä®·ä†·ãã·àΩ ·ä•·äì ·äï·åç·ãµ ·â£·äï·ä≠ ·ã®·àò·à≥·à∞·àâ ·â£·äï·äÆ·âΩ ·à≤·ãà·ã≥·ã∞·à≠ ·àû·â£·ã≠·àç ·â£·äï·ä™·äï·åç App ·ä•·åÖ·åç ·ã®·àö·ã´·â†·à≥·å≠ ·äê·ãç ·àà·ãç·å• ·ã´·àµ·çà·àç·åã·âΩ·äã·àç,1,2024-09-05 20:52:21,BOA,Google Play
good,5,2024-09-05 08:22:58,BOA,Google Play
Fast one,3,2024-09-04 22:10:02,BOA,Google Play
Nice looking app but a terrible user experience.,1,2024-09-03 17:30:49,BOA,Google Play
The worest MB app ever!!üôÑ,1,2024-09-02 14:13:33,BOA,Google Play
Very good,5,2024-09-01 19:47:47,BOA,Google Play
It is ok,5,2024-09-01 12:56:42,BOA,Google Play
Plz fix the Apps ....screenshot lovation hide from glarey share botten not worküòîüòî,1,2024-08-30 13:05:08,BOA,Google Play
Good,5,2024-08-30 13:01:27,BOA,Google Play
Apollo's,1,2024-08-29 22:26:11,BOA,Google Play
The worst experience ever,1,2024-08-29 17:17:17,BOA,Google Play
Hussenaliumar,5,2024-08-29 12:35:33,BOA,Google Play
Good,3,2024-08-28 16:14:12,BOA,Google Play
Hi I have problem with this App BOA mobile I don't know what is wrong with this App I did many times download but it's sam doesn't work if sam like that this app way I have to be customer with them how I know my account and checking save The book is no Not enough alone,1,2024-08-28 06:35:38,BOA,Google Play
It is not work for my device,5,2024-08-27 18:21:28,BOA,Google Play
"I'm Sick and tiered of enabling and disabling Developer Option Everytime I use this app. maybe you know it maybe you dont, fix it please it's anoying",1,2024-08-26 14:15:02,BOA,Google Play
The worst app ever,1,2024-08-26 12:41:26,BOA,Google Play
Good,5,2024-08-26 12:03:09,BOA,Google Play
Betanya Gebre,3,2024-08-23 21:29:23,BOA,Google Play
I dont recommand it to any one,1,2024-08-23 11:05:36,BOA,Google Play
Good,5,2024-08-22 09:00:42,BOA,Google Play
Excellent app,5,2024-08-21 13:20:16,BOA,Google Play
"The application used to work well. But after updates I'm not able to use the forgot password feature, which is blocking me from accessing it as a whole.",1,2024-08-20 12:35:21,BOA,Google Play
·âµ·à≠·àÉ·àµ,5,2024-08-19 18:58:10,BOA,Google Play
Gio,4,2024-08-19 13:12:51,BOA,Google Play
App isn't working,1,2024-08-18 20:48:13,BOA,Google Play
Best app,5,2024-08-18 20:19:44,BOA,Google Play
so far good but always it lugs,3,2024-08-17 19:16:57,BOA,Google Play
Don't trust this bank and its service.,1,2024-08-16 14:31:36,BOA,Google Play
"I can not open and use the application,please help me!",5,2024-08-15 21:13:25,BOA,Google Play
Horrible,1,2024-08-14 22:31:06,BOA,Google Play
Mostly not working üòë,1,2024-08-14 12:29:24,BOA,Google Play
Good,5,2024-08-13 20:26:12,BOA,Google Play
Awesome üëå,5,2024-08-12 14:38:07,BOA,Google Play
"Despite the enhanced technology you have, the application doesn't work properly, and it asks for the developer option to be turned off, fix that.",3,2024-08-12 13:23:20,BOA,Google Play
Thank you,3,2024-08-12 11:06:19,BOA,Google Play
Very poor app b/c highly slow to open the app,1,2024-08-12 07:56:44,BOA,Google Play
Ok,5,2024-08-12 03:46:06,BOA,Google Play
best,1,2024-08-12 02:34:06,BOA,Google Play
Best app,5,2024-08-11 22:38:09,BOA,Google Play
Wedi Tekle .,5,2024-08-11 16:13:14,BOA,Google Play
Bad appüì±üëéüëéüëé,1,2024-08-11 12:39:15,BOA,Google Play
Dura nan fayyadaman ture amma garuu naaf hojjechaa hin jiru maaf?,5,2024-08-11 09:12:42,BOA,Google Play
Nice appp,5,2024-08-11 07:23:42,BOA,Google Play
·à∞·àã·àù ·ä†·â¢·à≤·äí·ã´·ãé·âΩ ·ã®·àû·â£·ã≠·àç ·â£·äï·ä™·äï·åã·âΩ·àÅ ·â∞·å†·âÉ·àö ·äê·äù ·ä†·åà·àç·åç·àé·â±·äï ·àµ·àã·àµ·åÄ·àò·à´·âΩ·àÅ·àà·äï ·ä•·äì·àò·à∞·åç·äì·àà·äï·ç¢ ·äê·åà·à≠ ·åç·äï ·ä†·àà·çé ·ä†·àç·çé ·ã®·äê·â†·à®·ãç ·ã®·àõ·àµ·çà·äï·å†·à™·ã´·ãç ·â†·ä†·åç·â£·â° ·ä†·àà·àò·àµ·à´·âµ ·ä†·àç·çé ·ä†·àç·çé ·ãà·ã∞·àò·àµ·à´·âµ ·â∞·âÄ·ã≠·àØ·àç ·ãµ·àÆ ·ä•·äï·ã∞·äê·â†·à´·âΩ·àÅ ·ä•·äì·ãç·âÉ·àà·äï ·ãò·äï·ãµ·àÆ·àù ·â•·âµ·äñ·à©·àç·äï ·ä•·äï·àò·à≠·å£·àà·äï *·ä®·ãò·àò·äï ·ä†·äï·åâ·ã∞·àç*,3,2024-08-10 18:31:56,BOA,Google Play
Gooood app my dear,5,2024-08-10 02:59:07,BOA,Google Play
Harun tamam galanaa,3,2024-08-09 17:30:52,BOA,Google Play
"A total disaster of an app. Always offline, never works, it's embarassing. I've lost hope and taken my business to a competitor",1,2024-08-08 15:31:00,BOA,Google Play
Gamebela,1,2024-08-08 15:07:21,BOA,Google Play
so poor app to use can't start up when open the app,1,2024-08-08 10:48:54,BOA,Google Play
"This app takes too long time to be opened. And even it is not working simply as other banks application. Why this app does not give a digital invoice. Even, I am not able to find where the screeshot is kept after transaction. So, please the developer should fix all these.",1,2024-08-07 16:34:52,BOA,Google Play
Good job,5,2024-08-07 13:56:13,BOA,Google Play
"Worst app ever, not user friendly, even doesn't serve basic functionality correctly, takes to much time to login and navigate through the app, we expected more from this bank",1,2024-08-07 13:03:34,BOA,Google Play
good,3,2024-08-07 11:50:31,BOA,Google Play
Good,5,2024-08-07 11:14:08,BOA,Google Play
Bad app .,1,2024-08-06 21:40:31,BOA,Google Play
"I mean how could a big financial company like this, be this much irresponsible to release this app? You should be ashamed!",1,2024-08-06 18:12:53,BOA,Google Play
Review,5,2024-08-06 18:00:43,BOA,Google Play
Goood,4,2024-08-06 16:21:08,BOA,Google Play
Ok,5,2024-08-06 15:33:00,BOA,Google Play
üëéüëéüëéüëéüëéüëéüëéüëéüëé,1,2024-08-06 00:59:16,BOA,Google Play
Is it necessary to switch off developer options every time to use mobile banking?ü§îü§îüò°üò°üò°,1,2024-08-04 13:53:44,BOA,Google Play
The previous version is better it doesn't work,1,2024-08-04 09:16:27,BOA,Google Play
"I don't know what is wrong with BOA as a bank in general. It's been going backwards since last year or so. The app is a disaster to use in every possible way. Not stable to log in and very slow to perform transactions, couldn't take a screenshot (or can't even find the pictures even using its save screenshot option). Most of the time, it fails to perform transactions and so on. Simply, it's the worst!",1,2024-08-03 23:59:13,BOA,Google Play
ok,5,2024-08-03 22:37:02,BOA,Google Play
Nice,5,2024-08-03 11:16:43,BOA,Google Play
"Take some note from CBE mobile banking app, it's the best banking app currently take some note and improve ur app . Sometimes u have to learn from the bests üôå",1,2024-08-03 11:00:33,BOA,Google Play
Great,5,2024-08-03 10:20:06,BOA,Google Play
It's a useless app,1,2024-08-02 09:54:12,BOA,Google Play
"It's not working as it was , so much need to improve, it was the best but not anymore",2,2024-08-01 19:04:25,BOA,Google Play
Poor network,1,2024-08-01 08:48:09,BOA,Google Play
Not yet completely working this App. i don't know when is it will be working properly! Its Sad!!!,1,2024-07-31 23:20:53,BOA,Google Play
The app does not open sometimes it says coonection issue which i dont have and after it opens it has bugs while using its not smooth to work with please improve it,1,2024-07-31 15:03:12,BOA,Google Play
"It's not working totally, what a useless app is it,",1,2024-07-31 13:54:39,BOA,Google Play
"This app has become the most troubling every day. It doesn't work. I love the bank, and I hate the app",1,2024-07-31 09:01:07,BOA,Google Play
this is so disappointing app üòû,1,2024-07-31 00:37:56,BOA,Google Play
·ä†·â¢·àµ·äí·ã´ ·ã®·àÅ·àâ·àù ·àù·à≠·å´,5,2024-07-29 17:48:26,BOA,Google Play
Ok,5,2024-07-29 10:47:11,BOA,Google Play
Nays,5,2024-07-28 20:19:24,BOA,Google Play
The worst app,1,2024-07-28 18:35:54,BOA,Google Play
it can't even open and only display error messages,1,2024-07-27 21:01:32,BOA,Google Play
not active,1,2024-07-27 15:39:42,BOA,Google Play
To get good quality,5,2024-07-27 09:22:10,BOA,Google Play
·ä†·ã≠·à∞·à´·àù ·ä•·äÆ ·àù·äï·ãµ·äï ·äê·ãç ·âΩ·åç·à©?,1,2024-07-26 11:36:44,BOA,Google Play
uselss app dont download,1,2024-07-26 11:36:14,BOA,Google Play
"Is this app fake i try it not working it say please try again later, unable to make transactions what is the purpose of this app . If it is not working delete it",1,2024-07-25 23:24:26,BOA,Google Play
"This app didn't work. They have a new version (new app) but still not compatible with my Samsung S8+ , which is v.funny.",1,2024-07-25 12:35:54,BOA,Google Play
Corrupted and poor app,1,2024-07-24 18:58:27,BOA,Google Play
Good,1,2024-07-24 11:51:19,BOA,Google Play
When I try to use the application it says 'developer setting should be off' where is the setting to off this play Still doesn't work for me,3,2024-07-24 10:27:07,BOA,Google Play
Nice,5,2024-07-24 09:54:06,BOA,Google Play
FIX YOUR Apollo!! You guys where the best üëå,1,2024-07-23 23:29:08,BOA,Google Play
Always slow and doesn't work on weekends if you are in a rush or a merchant this app is not for you,1,2024-07-23 18:53:32,BOA,Google Play
"It's very difficult to use the user, app,ones dawenload the user can't operate well , no one can help me,",1,2024-07-23 18:36:47,BOA,Google Play
Poor application. It turned off by itself,1,2024-07-23 16:06:20,BOA,Google Play
Okay,5,2024-07-23 15:54:10,BOA,Google Play
Allowed,5,2024-07-23 15:41:00,BOA,Google Play
It usually crashes and the reason it gives is a problem on internet connection although the internet was fine.,1,2024-07-23 10:35:15,BOA,Google Play
we want international mobile banking,1,2024-07-22 23:31:31,BOA,Google Play
"screenshot isn't working, Please modify it",2,2024-07-22 17:38:15,BOA,Google Play
Naziriet measho 89160437,1,2024-07-22 00:45:21,BOA,Google Play
Ahmed Mohammed husen,3,2024-07-21 19:33:55,BOA,Google Play
Is not working both this one and apollo did u make it better pls am gonne stop using this bank because of the mobile banking,1,2024-07-19 22:15:38,BOA,Google Play
I have experiance,5,2024-07-19 22:12:05,BOA,Google Play
The App is not working on Android 9.1 at all. It shows an error notification and forcefully closes the app. Must be fixed ASAP.,1,2024-07-19 18:36:11,BOA,Google Play
Wow,5,2024-07-19 16:21:51,BOA,Google Play
Crashes very frequently is not stable overall need improvement such a huge bank needs a better app than the current one,1,2024-07-19 09:35:32,BOA,Google Play
·à≠·ã≠·à≠·çç,3,2024-07-19 08:11:01,BOA,Google Play
The previous application is much better than this one,1,2024-07-18 17:40:55,BOA,Google Play
"Worst app. It is wise to invest money and you can make it like CBE app. Even the incon has no image. My app has better UI than yours. So, please invest more and hire professional developer companies and improve it.",1,2024-07-18 11:45:25,BOA,Google Play
mal,5,2024-07-16 23:55:56,BOA,Google Play
It is not working at all,1,2024-07-16 20:29:37,BOA,Google Play
Excellent,5,2024-07-16 19:57:45,BOA,Google Play
The poorest mobile banking survice ever. Only error reports frequently,1,2024-07-16 16:37:32,BOA,Google Play
Wow,5,2024-07-16 13:01:39,BOA,Google Play
üòûüòûüòûüòû,1,2024-07-16 00:13:22,BOA,Google Play
